Min	Max	A>C	A>G	A>T	C>A	C>G	C>T	CpG	ACC>ATC	CCC>CTC	TCC>TTC	TCT>TTT
1.62996	94.1295	208	821	194	235	209	538	405	52	68	43	58
94.1295	111.5465	1318	4867	1176	1551	1418	3242	2401	346	341	357	373
111.5465	126.3055	2709	10584	2662	3203	3068	6831	5262	779	694	674	729
126.3055	141.321	4208	16950	4168	5154	4992	10635	8219	1106	1251	1188	1236
141.321	157.734	6284	24495	6206	7516	6918	15604	11937	1619	1687	1628	1703
157.734	176.3225	8459	33819	8423	10634	9763	21700	17331	2325	2295	2297	2442
176.3225	197.7485	11877	47502	12145	14811	13570	30235	24523	3219	3234	3222	3369
197.7485	222.7905	16694	65244	16695	20099	18918	41933	33986	4374	4592	4438	4669
222.7905	252.328	22067	86463	21814	26952	25081	55554	46326	5812	6064	5891	6269
252.328	287.575	27457	108786	27784	33970	31362	69731	58502	7336	7460	7370	7887
287.575	331.235	32031	126728	32585	39581	37090	81274	69954	8562	8872	8728	9405
331.235	387.0455	34061	133747	34536	41901	39002	85574	75127	9128	8984	9343	9708
387.0455	464.61800000000005	32832	129592	33556	40301	37375	82560	74072	8846	8860	9061	9447
464.61800000000005	587.50725	27860	108959	28341	33881	31873	69742	63446	7534	7509	7731	8162
587.50725	819.2022499999999	19806	78044	20071	24028	22751	50040	46644	5651	5484	6093	5793
819.2022499999999	1285.97425	13966	54543	14145	17246	16407	36435	34155	4082	4104	4095	4291
1285.97425	2209.73375	13689	52656	13341	17067	16078	36850	34382	3947	4335	3828	4221
2209.73375	3919.4275	17895	68140	17450	22396	21350	48698	46553	5242	5691	5179	5440
3919.4275	6520.934636363637	28768	109944	27820	35560	33911	75944	72549	8354	8688	7959	8466
6520.934636363637	10000.0	47978	184754	46230	56881	54312	121325	114947	13388	13660	12861	13556
