Min	Max	A>C	A>G	A>T	C>A	C>G	C>T	CpG	ACC>ATC	CCC>CTC	TCC>TTC	TCT>TTT
1.62996	94.1295	1587	6026	1423	1773	1708	3811	2999	440	419	451	446
94.1295	111.5465	4246	15996	3855	5029	4603	10595	8120	1185	1106	1249	1210
111.5465	126.3055	7212	28543	6877	8616	8180	18266	14284	2101	1932	2109	2145
126.3055	141.321	10838	43257	10588	13404	12579	27920	21592	3201	3164	3443	3305
141.321	157.734	16304	63777	15683	19757	18455	41132	32372	4750	4546	4850	4804
157.734	176.3225	23087	90558	22295	28290	26431	59217	47420	6706	6525	7220	7162
176.3225	197.7485	32831	129511	31535	40026	37502	84799	67807	9823	9480	10307	9953
197.7485	222.7905	46164	180328	44381	55644	52761	117965	95343	13478	13232	14461	13878
222.7905	252.328	61932	242710	59418	75554	71300	158431	130016	18420	17888	19761	19012
252.328	287.575	78946	312637	77203	97879	91965	205921	169865	23939	22941	25599	24408
287.575	331.235	97580	385425	95625	120409	114171	254229	212081	29646	28832	32418	30574
331.235	387.0455	112931	444568	110031	138985	131771	295035	248387	34810	33133	38328	35497
387.0455	464.61800000000005	124802	491482	122375	154370	145785	328068	279940	39184	37144	43126	39754
464.61800000000005	587.50725	130661	513643	128526	161595	154015	344820	295211	41383	39112	45663	41696
587.50725	819.2022499999999	132167	517248	128515	162569	155927	347990	303044	41073	39411	44389	41169
819.2022499999999	1285.97425	136958	536011	132281	168481	163713	360997	316305	41222	40901	41499	41261
1285.97425	2209.73375	150135	582048	142525	182590	177891	392483	346173	43530	44234	42349	43695
2209.73375	3919.4275	161817	627009	154810	195349	191010	418362	373623	46265	47397	44623	46983
3919.4275	6520.934636363637	170047	657813	163215	204288	197279	432745	386876	48057	48057	45649	48418
6520.934636363637	10000.0	176317	679529	169043	207199	199740	439377	393085	48344	48778	46450	48880
