Min	Max	A>C	A>G	A>T	C>A	C>G	C>T	CpG	ACC>ATC	CCC>CTC	TCC>TTC	TCT>TTT
1.62996	94.1295	502	1876	440	572	540	1154	913	134	121	139	134
94.1295	111.5465	1029	3864	922	1294	1168	2642	2047	284	267	277	271
111.5465	126.3055	1482	6036	1407	1894	1781	3910	3050	445	428	423	440
126.3055	141.321	2190	8515	1990	2725	2608	5709	4551	650	617	659	654
141.321	157.734	3213	12590	2954	4020	3883	8120	6686	953	874	865	938
157.734	176.3225	4599	17787	4317	5577	5447	11678	9642	1349	1277	1316	1446
176.3225	197.7485	6567	25573	6022	7920	7632	17113	13832	1904	1881	1906	1980
197.7485	222.7905	9288	35962	8429	11173	10926	23913	19980	2742	2698	2704	2761
222.7905	252.328	12859	49288	11665	15245	15158	32202	27303	3764	3695	3747	3772
252.328	287.575	16966	66166	15702	20866	20354	44135	36847	5163	4988	5225	5004
287.575	331.235	22506	88100	21126	27478	26802	58684	49613	6784	6681	7210	6889
331.235	387.0455	29443	115086	27622	35891	35110	78184	66653	9370	8888	9847	9109
387.0455	464.61800000000005	40149	157092	38219	49282	47871	107051	91873	12970	12224	14171	12786
464.61800000000005	587.50725	57903	225981	55185	71419	68402	154257	133128	18893	17729	20305	18586
587.50725	819.2022499999999	86281	335033	82453	106034	101569	227730	199744	26917	25903	28393	26642
819.2022499999999	1285.97425	115267	449833	110324	141578	137427	304774	268893	34714	34617	34216	34606
1285.97425	2209.73375	138468	537223	131273	168438	163625	362751	320412	40258	40890	38546	40138
2209.73375	3919.4275	153951	596800	147175	185890	181058	398521	356057	44048	45064	42160	44584
3919.4275	6520.934636363637	163153	631804	156651	196296	189149	416343	372208	46200	46113	43599	46466
6520.934636363637	10000.0	168417	650522	161759	198484	190942	420845	377168	46234	46660	44278	46777
