Min	Max	A>C	A>G	A>T	C>A	C>G	C>T	CpG	ACC>ATC	CCC>CTC	TCC>TTC	TCT>TTT
1.62996	94.1295	813	3134	728	898	880	1966	1566	235	212	250	247
94.1295	111.5465	1604	6256	1487	1900	1749	4020	3184	489	427	514	500
111.5465	126.3055	2459	9535	2238	2808	2662	6022	4862	711	655	838	805
126.3055	141.321	3229	13230	3180	4164	3603	8432	6652	1055	944	1210	1068
141.321	157.734	4723	18489	4416	5530	5178	11862	9825	1505	1388	1565	1490
157.734	176.3225	6406	25391	6153	7816	7251	16889	13775	2018	1890	2405	2158
176.3225	197.7485	9023	35590	8336	10750	10135	23502	18966	3012	2737	3434	2898
197.7485	222.7905	12425	48950	11754	14659	13950	32025	26510	4072	3764	4776	4082
222.7905	252.328	16179	64973	15802	19893	18772	43184	35593	5620	5046	6794	5679
252.328	287.575	20948	83750	20232	25495	24463	56153	47139	7306	6601	8835	7159
287.575	331.235	26560	105084	25252	31678	30385	70596	59572	9316	8408	11818	9282
331.235	387.0455	31606	125215	30772	38780	36513	84977	71952	11557	10340	14634	11468
387.0455	464.61800000000005	36695	146353	35802	45612	42692	101330	86118	13842	12193	17725	13806
464.61800000000005	587.50725	40742	162301	40656	50216	47647	112719	95950	15591	13648	20180	15453
587.50725	819.2022499999999	38203	151108	37632	46391	44218	104062	91061	13923	12355	17963	13901
819.2022499999999	1285.97425	27851	109133	27590	34274	32713	75805	67728	9620	9073	11281	9501
1285.97425	2209.73375	25502	98619	24811	31455	29788	69965	64090	7999	8268	8388	8057
2209.73375	3919.4275	32601	125196	31244	39838	38370	88086	82185	9772	10215	9794	9938
3919.4275	6520.934636363637	46990	181014	45134	56994	54968	122805	115790	13739	13935	13083	13812
6520.934636363637	10000.0	68571	264255	65661	80635	77445	172633	161686	19065	19509	18373	19329
