Min	Max	A>C	A>G	A>T	C>A	C>G	C>T	CpG	ACC>ATC	CCC>CTC	TCC>TTC	TCT>TTT
1.62996	94.1295	110	356	90	117	124	258	199	29	28	32	17
94.1295	111.5465	433	1619	426	474	443	1120	860	117	115	149	127
111.5465	126.3055	947	3986	947	1188	1095	2516	2093	299	278	320	308
126.3055	141.321	1930	7698	2009	2402	2254	5210	3994	654	591	695	615
141.321	157.734	3579	14197	3576	4506	4055	9485	7610	1197	1107	1306	1182
157.734	176.3225	6270	24066	6052	7572	6952	16184	12947	1881	1860	2213	2058
176.3225	197.7485	9779	38397	9360	11915	11086	25802	20795	3216	3045	3507	3138
197.7485	222.7905	14754	58535	14355	18363	17103	38828	31423	4639	4461	5220	4729
222.7905	252.328	21261	84751	20446	26622	24713	56394	46274	6906	6585	7769	7054
252.328	287.575	29218	117177	28973	37089	34152	78721	65459	9612	8937	10696	9650
287.575	331.235	39209	156452	38899	49228	45922	105071	88088	12887	12105	14628	13045
331.235	387.0455	49310	195595	48515	61279	57220	131560	111292	16085	15223	18574	16451
387.0455	464.61800000000005	57889	230024	57645	72550	66904	155096	133627	19179	17766	22044	19542
464.61800000000005	587.50725	59996	239660	60941	75120	70351	162054	140292	20224	18765	23892	20518
587.50725	819.2022499999999	48358	192377	48681	59824	56380	130121	114663	16435	14978	19392	16450
819.2022499999999	1285.97425	28507	112951	28831	35431	33678	76779	68854	9426	9041	10903	9523
1285.97425	2209.73375	21444	82956	20753	26572	25161	58061	53407	6648	6953	7044	6871
2209.73375	3919.4275	24490	93978	23758	30295	29405	66571	62876	7299	7823	7439	7518
3919.4275	6520.934636363637	36967	141291	35466	45143	43271	96569	91772	10702	11084	10379	10790
6520.934636363637	10000.0	58970	227174	56542	69535	66554	148239	139539	16280	16680	15853	16635
